time,battery,totalGenerated,spareModules,totalDirt,totalModules
0,10000000,0,0,0,0
60.4151,10000000,8.37000514008105,0,0,0
120.2083,9999999.92657649,10.0778499860317,0,0,0
180.4013,9999999.89961131,12.3263543788344,0,0,0
240.3209,9999999.87305316,15.11842023395,0,0,0
300.6324,10000000,18.486264180392,0,0,0
360.7065,10000000,20.778625248,0,0,0
420.7268,9999999.81829973,23.921672668308,0,0,0
480.1564,10000000,26.1904765851796,0,0,0
540.6935,9999999.92685026,29.2610455509275,0,0,0
600.3047,9999999.87304376,32.1193072739989,0,0,0
660.6151,10000000,34.287005526945,0,0,0
720.3481,9551494.61392367,212875.248982782,0.367413624083705,500,0.367413624083705
780.8115,8667307.82363006,817508.493854875,1.3751357232719,500,1.3751357232719
840.5276,9090629.1035647,1414669.75589024,1.51999998375773,500,1.51999998375773
901.4013,9699362.83159622,2023406.65657746,1.51999998375773,500,1.51999998375773
960.2366,10000000,2324046.05534679,1.51999998375773,500,1.51999998375773
1020.227,10000000,2324048.87199874,1.51999998375773,500,1.51999998375773
1080.613,10000000,2324051.14470821,1.51999998375773,500,1.51999998375773
1140.442,10000000,2324053.05284539,1.51999998375773,500,1.51999998375773
1200.533,10000000,2324055.3386986,1.51999998375773,500,1.51999998375773
1260.867,10000000,2324057.44369409,1.51999998375773,500,1.51999998375773
1320.339,10000000,2324060.02399435,1.51999998375773,500,1.51999998375773
1380.659,10000000,2324061.49967227,1.51999998375773,500,1.51999998375773
1440.403,9999999.88195187,2324064.01762502,1.51999998375773,500,1.51999998375773
1500.727,9999999.85971153,2324066.1997418,1.51999998375773,500,1.51999998375773
1562.129,10000000,2324068.55867811,1.51999998375773,500,1.51999998375773
1620.27,10000000,2324070.64222328,1.51999998375773,500,1.51999998375773
1681.065,10000000,2324073.29721251,1.51999998375773,500,1.51999998375773
1740.791,9999999.90370498,2324076.04369188,1.51999998375773,500,1.51999998375773
1800.996,10000000,2324078.06765347,1.51999998375773,500,1.51999998375773
1861.083,10000000,2324079.87017743,1.51999998375773,500,1.51999998375773
1920.966,9738298.69449139,2443531.92626245,1.7317512820278,1000,1.7317512820278
1980.694,8768068.5463103,3040810.83713777,2.72721615759124,1000,2.72721615759124
2040.642,8992208.00082568,3640292.83999212,3.03999996751547,1000,3.03999996751547
2100.257,9588351.01120084,4236437.85892732,3.03999996751547,1000,3.03999996751547
2160.375,10000000,4648088.61632046,3.03999996751547,1000,3.03999996751547
2220.154,9999999.91751971,4648091.0304195,3.03999996751547,1000,3.03999996751547
2280.561,10000000,4648093.17515887,3.03999996751547,1000,3.03999996751547
2340.004,10000000,4648095.34499577,3.03999996751547,1000,3.03999996751547
2400.062,10000000,4648097.4322066,3.03999996751547,1000,3.03999996751547
2461.407,9999999.85699142,4648098.65499004,3.03999996751547,1000,3.03999996751547
2520.502,10000000,4648101.17383613,3.03999996751547,1000,3.03999996751547
2580.021,10000000,4648103.25418453,3.03999996751547,1000,3.03999996751547
2640.217,10000000,4648105.39129042,3.03999996751547,1000,3.03999996751547
2700.61,10000000,4648107.37912115,3.03999996751547,1000,3.03999996751547
2760.99,10000000,4648108.75519431,3.03999996751547,1000,3.03999996751547
2821.637,10000000,4648110.5422194,3.03999996751547,1000,3.03999996751547
2880.631,9999999.88631438,4648112.40726358,3.03999996751547,1000,3.03999996751547
2940.164,10000000,4648114.42613029,3.03999996751547,1000,3.03999996751547
3000.588,10000000,4648116.2595017,3.03999996751547,1000,3.03999996751547
3060.511,9999999.87133093,4648118.03145531,3.03999996751547,1000,3.03999996751547
3120.705,9561171.95071365,4847806.74915791,3.39473008051171,1500,3.39473008051171
3180.511,8675947.23112863,5445867.561512,4.39149812523799,1500,4.39149812523799
3240.243,9071055.46980431,6043179.87840653,4.5599999512732,1500,4.5599999512732
3300.773,9676354.6961081,6648481.85341836,4.5599999512732,1500,4.5599999512732
3360.187,9999999.84740721,6972129.74452956,4.5599999512732,1500,4.5599999512732
3420.021,10000000,6972132.16953659,4.5599999512732,1500,4.5599999512732
3480.597,10000000,6972133.60847295,4.5599999512732,1500,4.5599999512732
3540.736,9999999.87098511,6972136.41016073,4.5599999512732,1500,4.5599999512732
3601.204,10000000,6972139.60683354,4.5599999512732,1500,4.5599999512732
3660.168,10000000,6972142.2092115,4.5599999512732,1500,4.5599999512732
3720.327,10000000,6972145.22967499,4.5599999512732,1500,4.5599999512732
3780.765,9999999.90487817,6972147.11823515,4.5599999512732,1500,4.5599999512732
3840.148,10000000,6972149.85900028,4.5599999512732,1500,4.5599999512732
3901.124,10000000,6972152.84468306,4.5599999512732,1500,4.5599999512732
3960.242,10000000,6972155.36616658,4.5599999512732,1500,4.5599999512732
4020.006,10000000,6972156.92897765,4.5599999512732,1500,4.5599999512732
4080.418,10000000,6972159.2958474,4.5599999512732,1500,4.5599999512732
4140.655,10000000,6972160.85206196,4.5599999512732,1500,4.5599999512732
4200.753,9999999.76532626,6972162.80741284,4.5599999512732,1500,4.5599999512732
4260.182,10000000,6972164.23327046,4.5599999512732,1500,4.5599999512732
4320.034,9206194.22303505,7354475.19388992,5.21339728084858,2000,5.21339728084858
4380.943,8667404.63942096,7963572.21153576,0.0799999350309376,2000,6.07999993503094
4440.368,9261652.20081937,8557821.57388527,0.0799999350309376,2000,6.07999993503094
4500.718,9865145.2630783,9161316.77893002,0.0799999350309376,2000,6.07999993503094
4561.034,10000000,9296173.47701195,0.0799999350309376,2000,6.07999993503094
4621.565,10000000,9296175.74469244,0.0799999350309376,2000,6.07999993503094
4680.15,9999999.82528139,9296178.04259351,0.0799999350309376,2000,6.07999993503094
4740.298,9999999.92310163,9296180.55201083,0.0799999350309376,2000,6.07999993503094
4800.396,10000000,9296182.40864721,0.0799999350309376,2000,6.07999993503094
4860.269,10000000,9296185.24826145,0.0799999350309376,2000,6.07999993503094
4920.524,10000000,9296187.21833718,0.0799999350309376,2000,6.07999993503094
4980.915,10000000,9296188.9899041,0.0799999350309376,2000,6.07999993503094
5040.606,9999999.91407163,9296190.59792638,0.0799999350309376,2000,6.07999993503094
5100.642,10000000,9296193.25430117,0.0799999350309376,2000,6.07999993503094
5161.365,10000000,9296195.83049334,0.0799999350309376,2000,6.07999993503094
5220.305,10000000,9296197.08518578,0.0799999350309376,2000,6.07999993503094
5280.864,9999999.86581337,9296199.74928278,0.0799999350309376,2000,6.07999993503094
5340.903,10000000,9296202.1188888,0.0799999350309376,2000,6.07999993503094
5400.188,9999999.65760779,9296204.58348719,0.0799999350309376,2000,6.07999993503094
5460.75,9999999.79084324,9296207.01528607,0.0799999350309376,2000,6.07999993503094
5521.4,8977128.95325888,9802714.01200014,0.937813840616955,2500,6.93781384061696
5583.39,8802403.53258763,10422613.9566632,1.59999991878867,2500,7.59999991878867
5640.658,9375076.96421702,10995289.1972991,1.59999991878867,2500,7.59999991878867
5700.285,9971343.48614704,11591557.2575064,1.59999991878867,2500,7.59999991878867
5760.927,9999999.81846226,11620216.0792353,1.59999991878867,2500,7.59999991878867
5820.392,9999999.90976974,11620218.3733962,1.59999991878867,2500,7.59999991878867
5880.342,9999999.87333529,11620220.4862499,1.59999991878867,2500,7.59999991878867
5940.188,9999999.91064078,11620221.9325225,1.59999991878867,2500,7.59999991878867
6001.399,10000000,11620223.9915832,1.59999991878867,2500,7.59999991878867
6060.38,9999999.69338777,11620226.2745848,1.59999991878867,2500,7.59999991878867
6120.262,10000000,11620227.6799005,1.59999991878867,2500,7.59999991878867
6180.682,10000000,11620230.0955474,1.59999991878867,2500,7.59999991878867
6240.323,10000000,11620232.9229055,1.59999991878867,2500,7.59999991878867
6300.525,10000000,11620235.0419228,1.59999991878867,2500,7.59999991878867
6360.243,10000000,11620236.3452109,1.59999991878867,2500,7.59999991878867
6420.802,9999999.87436663,11620238.1956858,1.59999991878867,2500,7.59999991878867
6481.037,10000000,11620239.9185881,1.59999991878867,2500,7.59999991878867
6541.063,9999999.87742832,11620242.5442907,1.59999991878867,2500,7.59999991878867
6600.593,9977596.10575959,11620244.6126637,1.61244648551284,2908.14217925072,7.61244648551284
6660.54,8860383.1054265,12219714.9449286,2.61156373014735,3500,8.61156373014735
6721.754,7773451.52502248,12831852.4372277,3.63179290868337,3500,9.63179290868337
6780.17,7189287.58809335,13416013.9691529,4.60539548546723,3500,10.6053954854672
6841.388,7759936.27438062,14028189.9141965,4.63999988630414,3500,10.6399998863041
6900.775,8353807.19787346,14622062.9739461,4.63999988630414,3500,10.6399998863041
6961.096,8957010.76421821,15225268.882483,4.63999988630414,3500,10.6399998863041
7020.243,9548485.19346828,15816745.5130515,4.63999988630414,3500,10.6399998863041
7081.235,10000000,16268263.2751688,4.63999988630414,3500,10.6399998863041
7140.161,9999999.87558409,16268265.4364916,4.63999988630414,3500,10.6399998863041
7201.064,9999999.53938169,16268267.3748098,4.63999988630414,3500,10.6399998863041
7261.928,9999999.66642062,16268270.6029129,4.63999988630414,3500,10.6399998863041
7320.245,10000000,16268273.1417549,4.63999988630414,3500,10.6399998863041
7380.804,10000000,16268275.4712172,4.63999988630414,3500,10.6399998863041
7440.125,10000000,16268277.4262147,4.63999988630414,3500,10.6399998863041
7501.104,10000000,16268279.9351399,4.63999988630414,3500,10.6399998863041
7560.113,10000000,16268281.4502591,4.63999988630414,3500,10.6399998863041
7620.543,10000000,16268283.7714928,4.63999988630414,3500,10.6399998863041
7680.423,10000000,16268286.5316723,4.63999988630414,3500,10.6399998863041
7740.563,10000000,16268289.1467264,4.63999988630414,3500,10.6399998863041
7801.222,10000000,16268290.597961,4.63999988630414,3500,10.6399998863041
7860.857,9423210.65167922,16521890.8054279,5.10132646083319,4500,11.1013264608332
7921.862,8203101.42329332,17131944.0377401,0.0922159753717625,4500,12.1180818726403
7980.428,7504283.13694965,17717601.1205362,1.0683111370008,4500,13.0941770342693
8041.615,7413331.35550431,18329473.1784509,1.6539946310879,4500,13.6798605283564
8101.402,8011200.60855696,18927346.8471216,1.6539946310879,4500,13.6798605283564
8161.066,8607834.12754101,19523985.2989362,1.6539946310879,4500,13.6798605283564
8220.335,9200518.091139,20116674.0847276,1.6539946310879,4500,13.6798605283564
8281.512,9812276.65055623,20728438.5014222,1.6539946310879,4500,13.6798605283564
8340.951,9999999.88471433,20916167.0447198,1.6539946310879,4500,13.6798605283564
8402.179,9999999.77888355,20916338.8160014,1.65413395655107,4500,13.6799998538196
8460.742,9999999.8292263,20916343.7504152,1.65413395655107,4500,13.6799998538196
8520.291,9999999.9083318,20916349.0122605,1.65413395655107,4500,13.6799998538196
8581.131,9999999.8062463,20916352.8402724,1.65413395655107,4500,13.6799998538196
8640.687,10000000,20916356.3987828,1.65413395655107,4500,13.6799998538196
8700.233,9999999.8716658,20916360.9237605,1.65413395655107,4500,13.6799998538196
8761.02,9999999.83866734,20916364.8243427,1.65413395655107,4500,13.6799998538196
8821.036,9999999.85076214,20916367.7456521,1.65413395655107,4500,13.6799998538196
8882.423,9999999.75644762,20916371.941681,1.65413395655107,4500,13.6799998538196
8940.432,9999999.74484074,20916375.8766421,1.65413395655107,4500,13.6799998538196
9001.331,9999999.86114738,20916379.406888,1.65413395655107,4500,13.6799998538196
9061.355,9670174.49772444,21062953.7160175,1.91879773474802,5500,13.9446636320166
9121.35,8470282.77377233,21662897.9129569,2.91870475385927,5500,14.9445706511278
9181.693,7625581.02891089,22266337.4633567,3.9244373622121,5500,15.9503032594806
9240.098,7285979.90635084,22850375.5355852,4.69413392406654,5500,16.7199998213351
9300.008,7885079.62212198,23449478.2579915,4.69413392406654,5500,16.7199998213351
9360.565,8490655.60279265,24055057.6395767,4.69413392406654,5500,16.7199998213351
9420.495,9089945.73877531,24654351.888396,4.69413392406654,5500,16.7199998213351
9480.884,9693832.9632821,25258242.8617256,4.69413392406654,5500,16.7199998213351
9540.531,10000000,25564413.7503891,4.69413392406654,5500,16.7199998213351
9601.02,10000000,25564418.2562553,4.69413392406654,5500,16.7199998213351
9660.177,9999999.87613026,25564422.9074305,4.69413392406654,5500,16.7199998213351
9721.667,10000000,25564427.9436504,4.69413392406654,5500,16.7199998213351
9780.8,10000000,25564430.9929159,4.69413392406654,5500,16.7199998213351
9840.548,9999999.62623517,25564434.8678236,4.69413392406654,5500,16.7199998213351
9900.845,10000000,25564438.9802156,4.69413392406654,5500,16.7199998213351
9961.389,10000000,25564443.8837437,4.69413392406654,5500,16.7199998213351
10020.23,10000000,25564446.9693296,4.69413392406654,5500,16.7199998213351
10080.78,9999999.73123359,25564450.8881172,4.69413392406654,5500,16.7199998213351
10140.56,9999999.7409506,25564456.1936143,4.69413392406654,5500,16.7199998213351
10200.72,9999999.89454638,25564460.8918957,4.69413392406654,5500,16.7199998213351
10260.85,9857596.83847427,25601674.4490612,4.79391871795234,6500,16.8197846152209
10321.47,8645182.14611459,26207878.9689291,5.80425960886362,6500,17.8301255061322
10383.4,7691890.23791396,26827242.3293341,0.836531901201074,6500,18.8623977984696
10441.12,7191957.09408147,27404435.9471548,1.73413389158201,6500,19.7599997888506
10501.5,7795705.48998988,28008188.8677824,1.73413389158201,6500,19.7599997888506
10561.88,8399529.82294684,28612018.3851469,1.73413389158201,6500,19.7599997888506
10621.65,8997264.87020109,29209757.458185,1.73413389158201,6500,19.7599997888506
10680.13,9581974.42746197,29794471.726631,1.73413389158201,6500,19.7599997888506
10741.14,10000000,30212501.7529812,1.73413389158201,6500,19.7599997888506
10801.26,9999999.66818153,30212505.9855606,1.73413389158201,6500,19.7599997888506
10860.23,10000000,30212510.0168264,1.73413389158201,6500,19.7599997888506
10921.35,9999999.82792966,30212514.0979572,1.73413389158201,6500,19.7599997888506
10982.81,10000000,30212518.2003049,1.73413389158201,6500,19.7599997888506
11040.34,10000000,30212521.5694768,1.73413389158201,6500,19.7599997888506
11104.38,10000000,30212526.2808872,1.73413389158201,6500,19.7599997888506
11161.01,9999999.51368093,30212529.187589,1.73413389158201,6500,19.7599997888506
11221.67,9999999.31174911,30212533.5787886,1.73413389158201,6500,19.7599997888506
11281.09,9041136.09290363,30653602.7863456,2.51187192924507,7500,20.5377378265136
11343.25,7886179.91223156,31275196.9173385,3.54786217265242,7500,21.573728069921
11400.67,7311957.62584343,31849415.3335525,4.50489288951632,7500,22.5307587867849
11460.84,7590515.71999002,32451067.5635768,4.77413385909747,7500,22.799999756366
11522.86,8210768.26600524,33071326.1201812,4.77413385909747,7500,22.799999756366
11580.31,8785202.1042526,33645764.8256255,4.77413385909747,7500,22.799999756366
11640.12,9383337.45521279,34243904.1641189,4.77413385909747,7500,22.799999756366
11701.05,9992675.94621987,34853247.3888827,4.77413385909747,7500,22.799999756366
11761.44,9999999.69838101,34860576.3906529,4.77413385909747,7500,22.799999756366
11820.16,9999999.86259679,34860580.0523992,4.77413385909747,7500,22.799999756366
11881.15,10000000,34860584.5012286,4.77413385909747,7500,22.799999756366
11941.23,9999999.71977434,34860589.9750566,4.77413385909747,7500,22.799999756366
12000.43,9999999.87850982,34860594.3807806,4.77413385909747,7500,22.799999756366
12060.89,10000000,34860598.9417529,4.77413385909747,7500,22.799999756366
12122.12,9999999.76852488,34860603.7232221,4.77413385909747,7500,22.799999756366
12181.32,10000000,34860608.3817148,4.77413385909747,7500,22.799999756366
12241,9223822.77849894,35215184.0410351,5.40232761634562,8000,23.4281935136142
12303.22,8652800.28851683,35837416.4215445,0.294133842855209,8000,24.3199997401238
12362.73,7682661.81439529,36432475.4444479,1.1817952975693,8500,25.2076611948379
12421.2,7508538.00559342,37017162.9563689,1.81413382661294,8500,25.8399997238815
12486.14,7131442.17782693,37666569.0604567,2.38440928222734,9000,26.4102751794959
12541.43,6420685.5162116,38219487.1178984,3.30593940027781,9000,27.3318052975464
12601,6982551.03737053,38815190.6458258,3.33413381037068,9000,27.3599997076393
12660.21,7574664.44483241,39407307.645452,3.33413381037068,9000,27.3599997076393
12721.13,8183864.8046968,40016512.6375079,3.33413381037068,9000,27.3599997076393
12780.72,8779686.85906112,40612338.7948393,3.33413381037068,9000,27.3599997076393
12842.84,9400908.5280543,41233565.692079,3.33413381037068,9000,27.3599997076393
12902.08,9993294.94292346,41825957.2020888,3.33413381037068,9000,27.3599997076393
12964.15,9999999.54021215,41832665.5259816,3.33413381037068,9000,27.3599997076393
13022.33,9999999.667668,41832669.5151,3.33413381037068,9000,27.3599997076393
13082.23,9999999.13251389,41832674.2843241,3.33413381037068,9000,27.3599997076393
13141.14,9999999.69586708,41832677.7218659,3.33413381037068,9000,27.3599997076393
13202.4,9999999.43585223,41832682.4752649,3.33413381037068,9000,27.3599997076393
13261.36,9999999.5551958,41832687.0743885,3.33413381037068,9000,27.3599997076393
13320.64,9999999.82160247,41832690.5804774,3.33413381037068,9000,27.3599997076393
13383.37,9999999.64081149,41832694.2648998,3.33413381037068,9000,27.3599997076393
13441.6,9673611.58648609,41953815.4314105,3.58274768256096,9500,27.6086135798295
13503.76,8701188.97783739,42575400.8791987,4.6187234539602,10000,28.6445893512288
13562.04,7585138.65047714,43158188.2618014,5.59003578181776,10500,29.6159016790863
13623.15,6507310.46979565,43769263.0074564,0.603868407725585,10500,30.6343596131728
13683.94,5899330.46834724,44377237.1624056,1.61715869051043,10500,31.6476498959576
13740.02,6133298.83673638,44938032.0499484,1.88950845346527,10500,31.9199996589125
13800.85,6741608.59851781,45546348.5763613,1.88950845346527,10500,31.9199996589125
13862.35,7356526.93812862,46161275.2197329,1.88950845346527,10500,31.9199996589125
13927.11,8004134.66972702,46808890.4140536,1.88950845346527,10500,31.9199996589125
13986.87,8601738.64544949,47406502.7998034,1.88950845346527,10500,31.9199996589125
14043.32,9166261.53356432,47971032.4476305,1.88950845346527,10500,31.9199996589125
14101.49,9747921.02921109,48552699.2784087,1.88950845346527,10500,31.9199996589125
14161.79,9701137.66717655,48889174.4882192,2.10242734019624,11000,32.1329185456434
14221.87,8728125.71590215,49489931.4862813,3.10368902787807,11000,33.1341802333253
14280.78,8950296.27486209,50079092.3339452,3.409508437223,11000,33.4399996426702
14340.79,9550358.59566541,50679162.0165433,3.409508437223,11000,33.4399996426702
14400.98,10000000,51128809.4566186,3.409508437223,11000,33.4399996426702
14460.43,9999999.06989287,51128814.4173562,3.409508437223,11000,33.4399996426702
14523.21,9999998.71384528,51128822.4520713,3.409508437223,11000,33.4399996426702
14581.82,9999998.56880858,51128829.8626482,3.409508437223,11000,33.4399996426702
14640.99,9164165.57844003,51461784.6284616,4.05883196406963,11500,34.0893231695168
14702.4,8159255.8251134,52075974.458288,5.08248170523394,12500,35.1129729106811
14760.68,6993764.5861207,52658716.636728,6.05371869281867,12500,36.0842098982659
14820.05,6263119.86047218,53252402.421068,1.04319502401141,12500,37.0736862294586
14881.55,5766552.52581766,53867417.3603761,1.96950838849621,12500,37.9999995939434
14942.45,6375562.72709782,54476437.1691453,1.96950838849621,12500,37.9999995939434
15002.24,6973423.2128653,55074302.7220476,1.96950838849621,12500,37.9999995939434
15064.23,7593373.70233169,55694258.686136,1.96950838849621,12500,37.9999995939434
15121.04,8161412.8233744,56262305.0556886,1.96950838849621,12500,37.9999995939434
15182.85,8779582.2605064,56880482.6937425,1.96950838849621,12500,37.9999995939434
15240.43,7919229.66105746,57456227.3345697,2.76733694305404,13000,38.7978281485012
15303.29,7659871.06954483,58084785.2073419,3.48950837225394,13000,39.5199995777011
15362.89,8255945.6357398,58680868.8197839,3.48950837225394,13000,39.5199995777011
15423.87,8865659.84351613,59290587.7433527,3.48950837225394,13000,39.5199995777011
15488.52,9512214.36753376,59937147.4347818,3.48950837225394,13000,39.5199995777011
15546.61,10000000,60424938.0041269,3.48950837225394,13000,39.5199995777011
15602.34,9999997.09363895,60424945.0578695,3.48950837225394,13000,39.5199995777011
15661.6,9999998.56554182,60424951.0246468,3.48950837225394,13000,39.5199995777011
15724.82,9999998.33333318,60424958.4368217,3.48950837225394,13000,39.5199995777011
15789.99,8863347.95450816,60743284.4404942,4.29782675247344,14000,40.3283179579206
15853.78,7710422.72392952,61381192.6417118,5.36100711358045,14000,41.3914983190276
15913.94,7108744.46668964,61982860.5322605,0.363786955443328,14000,42.3942781608905
15962.65,6409812.33574319,62469891.0765415,1.07789200223845,14500,43.1083832076856
16029.26,5739020.9293813,63136017.3659092,2.04950832352714,14500,44.0799995289743
16095.93,6405682.64691014,63802684.0834385,2.04950832352714,14500,44.0799995289743
16145.5,6901380.84124221,64298385.5681187,2.04950832352714,14500,44.0799995289743
16212.16,7568042.55877105,64965052.285648,2.04950832352714,14500,44.0799995289743
16260.75,8053942.68365556,65450958.8675266,2.04950832352714,14500,44.0799995289743
16325.96,8705938.98266836,66102964.9309879,2.04950832352714,14500,44.0799995289743
16392.62,9372602.36686402,66769631.6485172,2.04950832352714,14500,44.0799995289743
16442.48,9871152.65261674,67268191.9054752,2.04950832352714,14500,44.0799995289743
16512.94,10000000,67397049.2525614,2.04950832352714,14500,44.0799995289743
16573.27,9285043.82128011,67533610.1599367,2.52256845016043,15000,44.5530596556076
16621.65,8585059.89769202,68017423.8558443,3.32892462953184,15000,45.359415834979
16683.12,8911012.15812017,68632082.7074679,3.56950830728487,15000,45.599999512732
16741.99,9499721.34938054,69220796.1531313,3.56950830728487,15000,45.599999512732
16807.85,9372641.44134739,69851935.7949339,3.99073996879089,15500,46.021231174238
16869.73,8506538.24912847,70470768.7932096,5.02212832422492,15500,47.0526195296721
16933.21,9060500.17650608,71105599.4874083,5.08950829104261,15500,47.1199994964898
16983.21,9560496.88131941,71605599.5255552,5.08950829104261,15500,47.1199994964898
17049.84,10000000,72045104.3109026,5.08950829104261,15500,47.1199994964898
17115.77,9999996.66666636,72045110.9037064,5.08950829104261,15500,47.1199994964898
17165.42,10000000,72045120.798115,5.08950829104261,16000,47.1199994964898
17231.21,8675439.50000908,72536343.0271189,6.18598983157029,16000,48.2164810370174
17280.12,8656320.38650429,73025452.5909464,0.60950827480034,16000,48.6399994802475
17344.34,9298490.38989915,73667630.6018869,0.60950827480034,16000,48.6399994802475
17410.93,8964846.32719614,74333565.0310556,1.16482689812049,16500,49.1953181035676
17460.93,8298167.94299911,74833565.0692026,1.99816031521077,16500,50.0286515206579
17527.6,8807730.71263197,75500231.7867319,2.12907610829414,16500,50.1595673137413
17593.93,9471029.29275271,76163537.0311777,2.12907610829414,17000,50.1595673137413
17643.93,8471022.54979149,76663537.0693247,2.96240952538442,17000,50.9929007308316
17710.6,8313682.60144507,77330203.786854,3.64907620801867,17000,51.6795674134658
17760.6,8813677.63959159,77830203.825001,3.64907620801867,17000,51.6795674134658
17827.26,9480337.69045361,78496870.5425303,3.64907620801867,17000,51.6795674134658
17893.37,9999996.72090449,79016534.4903859,3.64907620801867,17000,51.6795674134658
17943.37,9999998.33333318,79016544.4361487,3.64907620801867,17000,51.6795674134658
18005.26,9999998.33333318,79016550.6758445,3.64907620801867,17000,51.6795674134658
18071.93,9499996.62851939,79016555.6758449,3.92685401371543,17500,51.9573452191626
18121.93,8666658.23160731,79516555.7139919,4.7601874308057,17500,52.7906786362528
18188.6,8842651.64202554,80183222.4315212,5.1690763077432,17500,53.1995675131903
18255.26,9509313.35955438,80849889.1490505,5.1690763077432,18000,53.1995675131903
18305.26,8509311.61659361,81349889.1871975,6.00240972483347,18000,54.0329009302806
18371.8,8350644.1668739,82015228.3900783,0.689076407467725,18000,54.7195676129148
18421.8,8850639.20502041,82515228.4282253,0.689076407467725,18000,54.7195676129148
18488.46,9517299.25588244,83181895.1457546,0.689076407467725,18000,54.7195676129148
18555.13,10000000,83664602.5565394,0.689076407467725,18000,54.7195676129148
18605.13,9999996.66666636,83664607.5565399,0.689076407467725,18000,54.7195676129148
18671.8,9999998.33333318,83664615.889874,0.689076407467725,18000,54.7195676129148
18721.8,9499996.62851939,83664620.8898745,0.966854213164484,18500,54.9973454186116
18788.46,8499993.21889181,84331287.6074038,2.07796543595152,18500,56.1084566413986
18855.13,9009321.6547415,84997954.3249331,2.20907650719225,18500,56.2395677126394
18905.13,9509315.0262212,85497954.36308,2.20907650719225,18500,56.2395677126394
18971.8,9166663.26975474,86155312.6829084,2.76463211858577,19000,56.7951233240329
19021.8,8499991.55222499,86655312.7210554,3.59796553567605,19000,57.6284567411231
19088.46,9009318.32140786,87321979.4385847,3.72907660691678,19000,57.7595678123639
19155.13,9675980.0389367,87988646.156114,3.72907660691678,19000,57.7595678123639
19205.13,9999998.33333318,88312671.1171778,3.72907660691678,19000,57.7595678123639
19271.8,9166663.26975474,88479347.796561,4.2846322183103,19500,58.3151234237574
19321.8,8499991.55222499,88979347.834708,5.11796563540058,19500,59.1484568408477
19388.46,8509314.94992725,89646014.5522373,5.52685451233807,20000,59.5573457177852
19455.13,7509303.20696557,90312681.2697666,6.63796573512511,20000,60.6684569405722
19505.13,7851963.29676612,90812681.3079135,6.76907680636584,20000,60.7995680118129
19571.8,8518616.68096087,91479348.0254428,6.76907680636584,20000,60.7995680118129
19621.8,9018615.05244102,91979348.0635898,6.76907680636584,20500,60.7995680118129
19688.46,7851938.29676384,92646014.7811191,7.88018802915288,21000,61.9106792345999
19755.13,6685263.20775348,93312681.4986484,8.99129925193992,21000,63.021790457387
19805.13,6203921.63167876,93812681.5367954,9.8090770058149,21000,63.839568211262
19871.8,5870579.93958002,94479348.2543247,10.3646326172084,21500,64.3951238226555
19921.8,5203908.22205026,94979348.2924716,11.1979660342987,21500,65.2284572397458
19988.05,5709101.8312398,95641880.1833408,11.3290771055394,21500,65.3595683109865
20054.72,6375761.88210182,96308546.9008701,11.3290771055394,21500,65.3595683109865
20104.72,6875756.92024834,96808546.9390171,11.3290771055394,21500,65.3595683109865
20171.38,7542416.97111036,97475213.6565464,11.3290771055394,21500,65.3595683109865
20221.38,8042408.67592324,97975213.6946933,11.3290771055394,21500,65.3595683109865
20288.05,8209068.68863829,98641880.4122226,11.6068549112362,22000,65.6373461166832
20354.42,7212068.93349068,99305543.4752719,12.712960043102,22000,66.7434512485491
20404.42,7548725.04766491,99805543.5134189,12.849077205264,22500,66.879568410711
20471.08,6382053.29198818,100472210.230948,13.960188428051,22500,67.990679633498
20521.08,6391381.6896909,100972210.269095,14.3690773049885,22500,68.3995685104355
20587.75,7058040.0738861,101638876.986624,14.3690773049885,22500,68.3995685104355
20654.42,7724693.45808085,102305543.704154,14.3690773049885,22500,68.3995685104355
20704.42,8224686.82956055,102805543.742301,14.3690773049885,22500,68.3995685104355
20771.08,8891343.54708893,103472210.45983,14.3690773049885,22500,68.3995685104355
20821.08,8891338.54708848,103972210.497977,14.6468551106852,23000,68.6773463161323
20887.75,7891328.47079362,104638877.215506,15.7579663334723,23000,69.7884575389193
20954.42,8400651.90664285,105305543.933036,15.889077404713,23000,69.91956861016
21004.42,8900648.61145619,105805543.971183,15.889077404713,23500,69.91956861016
21071.08,7567308.50973032,106472210.688712,17.0001886275,24500,71.0306798329471
21121.08,6567306.76676956,106972210.726859,17.8335220445903,24500,71.8640132500373
21186.68,5577841.54036024,107628189.597251,18.9268201883836,24500,72.9573113938306
21253.35,4911169.82283048,108294856.31478,20.0379314111706,24500,74.0684226166177
21303.35,4917272.96792291,108794856.352927,20.4495079986818,24500,74.4799992041288
21370.02,5583931.35211811,109461523.070456,20.4495079986818,24500,74.4799992041288
21420.02,5583923.01878401,109961523.108603,20.7272858043785,25000,74.7577770098256
21486.68,4583916.31396977,110628189.826133,21.8383970271656,25000,75.8688882326126
21553.35,5093243.22231279,111294856.543662,21.9695079824395,25000,75.9999991878865
21603.35,5093238.22231233,111794856.581809,22.2472857881363,25500,76.2777769935833
21670.02,4093231.51749809,112461523.299338,23.3583970109233,25500,77.3888882163703
21720.02,4435891.74645879,112961523.337485,23.4895079661972,25500,77.5199991716443
21786.68,4602548.4258402,113628190.055014,23.767285771894,26000,77.797776977341
21852.93,3606734.18807533,114290662.722708,24.8714069114531,26000,78.9018981169001
21902.93,3441004.61255183,114790662.760855,25.2872857556517,26500,79.3177769610987
21969.6,2440997.90773759,115457329.478385,26.3983969784388,26500,80.4288881838858
22036.26,2950324.81608061,116123996.195914,26.5295079337127,26500,80.5599991391597
22086.26,3450319.85422713,116623996.234061,26.5295079337127,26500,80.5599991391597
22152.93,4116979.90508915,117290662.95159,26.5295079337127,26500,80.5599991391597
22202.93,4616971.60990203,117790662.989737,26.5295079337127,26500,80.5599991391597
22269.6,5283631.66076405,118457329.707267,26.5295079337127,26500,80.5599991391597
22336.26,5950291.71162607,119123996.424796,26.5295079337127,26500,80.5599991391597
22386.26,6450286.74977259,119623996.462943,26.5295079337127,26500,80.5599991391597
22452.93,7116945.13396779,120290663.180472,26.5295079337127,26500,80.5599991391597
22502.93,7116941.80063415,120790663.218619,26.8072857394095,27000,80.8377769448565
22569.6,5950263.41643712,121457329.936148,27.9183969621965,27500,81.9488881676435
22635.78,4955121.05966749,122119134.020926,29.0214037968682,27500,83.0518950023152
22685.78,4797389.52184161,122619134.059073,29.5695079012282,27500,83.5999991066752
22752.44,3964049.49640969,123285800.776603,30.4028413183184,28000,84.4333325237654
22802.44,3640041.34117427,123785800.814749,31.0895078849859,28000,85.1199990904329
22869.11,3806704.68722296,124452467.532279,31.3672856906826,28500,85.3977768961296
22935.78,2806697.98240871,125119134.249808,32.4783969134697,28500,86.5088881189167
22985.78,2649356.50655562,125619134.287955,32.8872856744404,29000,86.9177768798874
23052.44,1999996.66666636,126285801.005484,33.7061883916029,29000,87.7366795970499
23102.44,1999996.66666636,126785801.043631,34.1228481557028,29000,88.1533393611498
23169.11,2000000,127452467.761161,34.4006176280653,29500,88.4311088335123
23235.78,2000000,128119134.47869,34.8172773921651,29500,88.8477685976122
23285.78,2000000,128619134.516837,35.0950538089729,30000,89.1255450144199
23352.44,1999998.33333318,129285801.234366,35.3728274480025,30000,89.4033186534495
23402.44,1999996.66666636,129785801.272513,35.5117149619618,30500,89.5422061674088
23469.11,1999998.33333318,130452467.990042,35.9283788927288,30500,89.9588700981759
23534.71,2000000,131108525.385978,36.4750867233676,30500,90.5055779288146
23584.71,2000000,131608525.424124,36.8917506541346,30500,90.9222418595816
23651.38,1999998.33333318,132275192.141654,37.4472993210829,30500,91.4777905265299
23701.38,1999998.33333318,132775192.179801,37.863964640739,30500,91.894455846186
23768.05,1999998.33333318,133441858.89733,38.4195133076872,30500,92.4500045131343
23834.71,2342685.565923,134108525.614859,38.6894878850066,30500,92.7199790904537
23883.96,2835133.12934361,134600978.102805,38.6894878850066,30500,92.7199790904537
23949.86,3494123.38661149,135259973.206641,38.6894878850066,30500,92.7199790904537
24016.53,2660784.98969941,135926639.92417,39.5228213020969,31000,93.553312507544
24066.53,2336776.69530384,136426639.962317,40.2094879847312,31000,94.2399791901782
24133.19,3003438.41283268,137093306.679847,40.2094879847312,31000,94.2399791901782
24183.19,3503436.78431284,137593306.717993,40.2094879847312,31000,94.2399791901782
24249.86,4170100.1685085,138259973.435523,40.2094879847312,31000,94.2399791901782
24316.53,3336763.43826324,138926640.153052,41.0428214018214,32000,95.0733126072685
24366.53,2336756.69530202,139426640.191199,41.8761548189117,32500,95.9066460243587
24433.19,1999998.33333318,140093306.908728,42.2956715301956,32500,96.3261627356427
24483.19,1999996.66666636,140593306.946875,42.7123312942955,32500,96.7428224997426
24549.86,1999998.33333318,141259973.664405,43.2678799612438,32500,97.2983711666909
24616.53,1999998.33333318,141926640.381934,43.5456549891625,33000,97.5761461946095
24666.53,1999996.66666636,142426640.420081,43.8234300170811,33000,97.8539212225282
24733.19,2000000,143093307.13761,44.240089781181,33500,98.2705809866281
24783.19,1999998.33333318,143593307.175757,44.3789772951403,33500,98.4094685005874
24849.86,1999998.33333318,144259973.893286,44.7956398370183,34000,98.8261310424654
24916.53,1999996.66666636,144926640.610816,45.073416253826,34000,99.1039074592731
24966.53,2000000,145426640.648963,45.490078795704,34000,99.5205700011511
25032.92,1999996.72146983,146090567.193152,46.0433453737029,34000,100.07383657915
25082.78,1999998.33333318,146589149.422766,46.3199375545548,34500,100.350428760002
25149.45,2000000,147255816.140296,46.5977111935844,34500,100.628202399031
25216.11,1999996.66666636,147922482.857825,47.1532598605326,34500,101.18375106598
25266.11,1999996.66666636,148422482.895972,47.5699210135216,34500,101.600412218969
25332.78,1999998.33333318,149089149.613501,48.1254710693589,34500,102.155962274806
25382.78,1999998.33333318,149589149.651648,48.5421350001259,34500,102.572626205573
25449.45,2000000,150255816.369178,49.0976850559633,35000,103.12817626141
25516.11,1999998.33333318,150922483.086707,49.2365711810335,35000,103.267062386481
25566.11,1999998.33333318,151422483.124854,49.6532351118006,35000,103.683726317248
25632.78,1999998.33333318,152089149.842383,50.208787945416,35000,104.239279150863
25682.75,1999998.33333318,152588866.601111,50.6252158123555,35500,104.655707017803
25749.42,1999998.33333318,153255533.31864,50.7641019374258,35500,104.794593142873
25816.08,2000000,153922200.03617,51.3196533821522,36000,105.350144587599
25866.08,1999998.33333318,154422200.074317,51.3196533821522,36000,105.350144587599
25932.75,1999996.66666636,155088866.791846,51.8752006602114,36000,105.905691865659
25982.75,1999996.66666636,155588866.829993,52.2918632020894,36000,106.322354407537
26049.42,1999996.66666636,156255533.547522,52.8474146468158,36500,106.877905852263
26116.08,2000000,156922200.265052,52.9863021607751,36500,107.016793366222
26166.08,1999998.33333318,157422200.303199,53.1251910636235,37000,107.155682269071
26232.75,2000000,158088867.020728,53.5418549943905,37000,107.572346199838
26282.75,1999998.33333318,158588867.058875,53.9585175362685,37000,107.989008741716
26349.42,1999998.33333318,159255533.776404,54.3751773003684,37500,108.405668505816
26416.08,1999998.33333318,159922200.493933,54.652950939398,37500,108.683442144845
26466.08,1999998.33333318,160422200.53208,54.9307259673167,38500,108.961217172764
26532.34,1999995.07730038,161084784.169318,54.9307259673167,38500,108.961217172764
26582.34,1999994.99999954,161584784.207465,55.205033818869,38500,109.235525024316
26649.01,2000000,162251450.924994,55.7605810969282,38500,109.791072302375
26715.67,2000000,162918117.642524,56.3161325416546,38500,110.346623747102
26765.67,2000000,163418117.68067,56.7327978613107,38500,110.763289066758
26832.34,2000000,164084784.3982,57.2883451393699,38500,111.318836344817
26882.34,1999996.66666636,164584784.436347,57.7050090701369,38500,111.735500275584
26949.01,1999998.33333318,165251451.153876,58.2605591259742,38500,112.291050331421
27015.67,1999998.33333318,165918117.871405,58.3994466399336,39000,112.429937845381
27065.67,1999996.66666636,166418117.909552,58.8161091818115,39000,112.846600387259
27132.34,1999998.33333318,167084784.627082,59.3716578487598,39000,113.402149054207
27182.34,1999996.66666636,167584784.665229,59.7883217795269,39500,113.818812984974
27249.01,2000000,168251451.382758,59.7883217795269,40000,113.818812984974
27315.04,2000000,168911734.376075,60.0607647264224,40000,114.09125593187
27363.27,1999996.92391982,169394050.99404,60.4626925135211,40000,114.493183718968
27426.85,2000000,170029913.010718,60.9925675031482,40000,115.023058708595
27493.45,1999998.35096795,170695875.229956,61.5475340042678,40000,115.578025209715
27540.46,2000000,171166004.862906,61.9393047724039,40500,115.969795977851
27604.78,2000000,171809208.903434,62.0586414439439,40500,116.089132649391
27670.48,1999998.33333318,172466177.306296,62.6061110404049,40500,116.636602245852
27720.48,1999996.66666636,172966177.344443,63.0227735822829,40500,117.05326478773
27787.15,2000000,173632844.061972,63.5783222492311,40500,117.608813454678
27853.81,1999996.66666636,174299510.779502,64.1338723050685,41000,118.164363510516
27903.81,2000000,174799510.817649,64.1338723050685,41000,118.164363510516
27970.48,1999998.33333318,175466177.535178,64.6894265275729,41000,118.71991773302
28020.48,1999998.33333318,175966177.573325,65.1060890694509,41000,119.136580274898
28087.15,1999998.33333318,176632844.290854,65.6616377363992,41000,119.692128941846
28153.81,2000000,177299511.008384,66.2171877922365,41000,120.247678997684
28203.81,2000000,177799511.04653,66.6338517230036,41000,120.664342928451
28270.48,1999994.99999954,178466177.76406,66.772740625852,41500,120.803231831299
28320.48,1999998.33333318,178966177.802207,67.1894017788409,41500,121.219892984288
28387.15,1999998.33333318,179632844.519736,67.4671781956486,42000,121.497669401096
28453.81,2000000,180299511.237265,67.4671781956486,43000,121.497669401096
28503.81,1999998.33333318,180799511.275412,67.4671781956486,43000,121.497669401096
28570.48,1999996.66666636,181466177.992942,68.022729640375,43000,122.053220845822
28620.48,1999996.66666636,181966178.031089,68.439393571142,43500,122.469884776589
28687.15,1999998.33333318,182632844.748618,68.439393571142,44000,122.469884776589
28753.81,2000000,183299511.466147,68.7171672101716,44000,122.747658415619
28803.81,1999998.33333318,183799511.504294,69.1338311409387,44000,123.164322346386
28870.48,2000000,184466178.221823,69.689379807887,44000,123.719871013334
28920.48,2000000,184966178.25997,70.106043738654,44000,124.136534944101
28987.15,1999998.33333318,185632844.9775,70.6615924056023,44000,124.69208361105
29053.81,2000000,186299511.695029,71.2171452392177,44000,125.247636444665
29103.81,2000000,186799511.733176,71.4949216560254,44500,125.525412861473
